Name,Year,Duration,Genre,Rating,Votes,Director,Actor 1,Actor 2,Actor 3,Movie Budget,Revenue
#Homecoming,2021,90,Drama,7.6,335,Soumyajit Majumdar,Sayani Gupta,Plabita Borthakur,Roy Angana,56,123
12 Bulbule,2021,,Comedy,8.9,3659,Jagat Joon,Sonu Sonkar,Sunita Verman,Anubhav Dixit,3,6
13 Tribute of Love,2020,66,Drama,5,352,Rahul Tiwari,Rahul Tiwari Adhiyari,Anil Arora,Asima Bhatt,0.3,1.5
1942: A Love Story,1994,157,Action,7.2,3223,Vidhu Vinod Chopra,Anil Kapoor,Jackie Shroff,Manisha Koirala,4.75,3.49
1978: A Teen Night Out,2019,107,Thriller,4,20,Aziz Zee,Abuzar Akhtar,Apurva Godbole,Vaishnavi Kadam,0.8,0.02
7 Hours to Go,2016,115,Crime,5.7,398,Saurabh Varma,Sandeepa Dhar,Natasa Stankovic,Shiv Panditt,1,0.54
7 Islands and a Metro,2006,100,Documentary,6.2,10,Dutta Madhusree,Harish Khanna,Vibha Chhibber,Om Prakash,2.5,3.9
7 Khoon Maaf,2011,137,Thriller,6.1,5640,Vishal Bhardwaj,Vivaan Shah,Priyanka Chopra Jonas,Neil Nitin Mukesh,15,33
7 Saal Baad,1987,127,Horror,4.1,34,S.U. Syed,Suresh Oberoi,Sharmila Tagore,Navin Nischol,1.28,2.3
A Rifle and a Bag,2020,89,Documentary,6.8,15,Cristina Hanes,Isabella Rinaldi,Arya Rothe,,4.5,3.8
A Scandall,2016,112,Thriller,3.1,142,Ishaan Trivedi,Johnny Baweja,Reeth Mazumder-Roberts,Manav Kaul,3,0.12
A Suitable Girl,2017,90,Documentary,6.9,337,Sarita Khurana,Smriti Mundhra,Sima Taparia,,0.8,2
A Thin Line,2019,104,Drama,7.9,24,Vierendrra Lalit,Trivikram Mattoo,Rahul Roy,Akansha Shivhare,0.56,0.01
Aa Dekhen Zara,2009,117,Action,5,866,Jehangir Surti,Neil Nitin Mukesh,Bipasha Basu,Sophiya Chaudhary,17,84
Aa Gale Lag Jaa,1973,148,Action,7.2,348,Manmohan Desai,Shatrughan Sinha,Sharmila Tagore,Shashi Kapoor,1.6,5.82
Aa Gale Lag Jaa,1994,158,Mystery,4.4,115,Hamid Ali Khan,Paresh Rawal,Urmila Matondkar,Jugal Hansraj,2.3,8.9
Aa Gaya Hero,2017,123,Action,2.7,339,Dipankar Senapati,Govinda,Richa Sharma,Poonam Pandey,8.5,1.39
Aa Jao Please,2016,120,Drama,6.8,16,Azad Jain,Dipak Khetiya,Ganraj Jadhav,Neha Chauhan,2,5.6
Aabra Ka Daabra,2004,144,Fantasy,2.4,264,Dheeraj Kumar,Prabhu Deva,Naveen Bawa,Satish Kaushik,8,1.6
Aalwar,2007,152,Action,3,922,Chella,Ajith Kumar,Asin Thottumkal,Vivek,0.3,0.95
Aamaar Bhuvan,2018,107,Drama,7.7,72,Mrinal Sen,Koushik Sen,Nandita Das,Saswata Chatterjee,12,23
Aamdani Atthanni Kharcha Rupaiya,2001,150,Comedy,4.8,1238,K. Raghavendra Rao,Govinda,A.S. Ravindra Babu,Juhi Chawla,5,10.54
Aamir,2008,99,Crime,7.7,10862,Raj Kumar Gupta,Rajeev Khandelwal,Aishwarya,Vasan Bala,18,6
Aamna Saamna,2013,62,Animation,,,Rajiv Chilaka,Jigna Bhardwaj,Rajesh Kava,Sabina Malik,1.5,6.93
Aamne - Saamne,1967,163,Crime,6.5,81,Suraj Prakash,Shashi Kapoor,Sharmila Tagore,Prem Chopra,2.6,5.6
Aamne Samne,1982,143,Action,6.4,53,Ashim S. Samanta,Mithun Chakraborty,Bindiya Goswami,Arti Gupta,1.28,8
Aadamkhor,2018,72,Horror,7.4,150,Kshitij Sharma,Deeya Dey,Anoma Pabuwal,Mahendra Singh Rawat,0.4,1
Agent Vinod,2012,157,Action,5.2,7210,Sriram Raghavan,Saif Ali Khan,Kareena Kapoor,Rajat Kapoor,60,73
Agneepath,2012,174,Action,6.9,22895,Karan Malhotra,Hrithik Roshan,Priyanka Chopra Jonas,Sanjay Dutt,58,195
Agniputra,2000,140,Action,4.6,24,Vijay Reddy,Mithun Chakraborty,Asrani,Pinky Chinoy,4,6.56
Agyaat,2009,130,Horror,2.9,620,Ram Gopal Varma,Nithiin,Priyanka Kothari,Rasika Dugal,8.5,7.32
Ahaan,2019,81,Comedy,7.2,213,Nikhil Pherwani,Arif Zakaria,Niharika Singh,Abuli Mamaji,5.2,9
Aham Brahmasmi,2021,106,Action,,,Megastar Maharishi Aazaad,,,,18,56
Aitbaar,1985,133,Romance,6.9,149,Mukul Anand,Raj Babbar,Dimple Kapadia,Danny Denzongpa,9.5,79.6
Aitraaz,2004,160,Romance,6.6,9721,Abbas Alibhai Burmawalla,Akshay Kumar,Mastan Alibhai Burmawalla,Kareena Kapoor,8,26
Ajab Singh Ki Gajab Kahani,2017,115,Drama,5.8,52,Rishi Prakash Mishra,Ajay Kumar Singh,Vikas Giri,Rajesh Jais,5.2,0.04
Alex's Strip,2019,109,Drama,5.9,37,Irene Zoe Alameda,Aitana Sánchez-Gijón,Aida Folch,Rohit Choudhary,23,12
Alibaba and 40 Thieves,1954,145,Action,6.2,46,Homi Wadia,Shakila,Mahipal,B.M. Vyas,17,45
All Ladies Do It,2020,97,Thriller,7.9,384,Akhil Gautam,Akhil Gautam,Ajay Bafna,Vikas Sachdeva,29,96
Kidnap,2008,,Crime,4.6,456,Sanjay Gadhvi,Sanjay Dutt,Imran Khan,Vidya Malvade,31,34.15
Attack,2022,130,Thriller,7,7896,Lakshya Raj Anand,Jhon Abraham,Rakul Preet,Jacqueline Fernandez,65,3.51
RRR,2022,187,Drama,9.1,4563,S.S Rajamouli,Ram Charan,N.T. Rama Rao,Alia Bhatt,600,751
Kashmir Files,2022,170,Action,8.3,1239,Vivek Agnihotri,Pallavi Joshi,Anupam Kher,Darshan Kumar,14,239.78
Bachchan Pandey,2022,146,Action,6.8,1287,Farhad Samji,Akshay Kumar,Kriti Sanon,Jacqueline Fernandez,165,49.48
Radhe Shyam,2022,128,Drama,6.8,123,Radha Krishna Kumar,Prabhas,Pooja Hedge,Bhagyashree,300,104.5
Gangubai,2022,152,Drama,7,753,Sanjay Leela Bhansali,Ajay devgn,Shantanu Maheshwari,Alia bhatt,180,126.51
Jhund,2022,175,Thriller,8.6,951,Nagraj Manjule,Amitabh bachchan,Akash thosar,rinku rajguru,30,13.51
Geheraiyaan,2022,148,Romance,6.2,6934,Shakun Batra,Siddhant Chaturvedi,Ananya Pandey,Deepika Padukone,70,0.085
Badhaai Do,2022,147,Comedy,7.3,8426,Harshavardhan Kulkarni,Rajkummar Rao,Bhumi Pednekar,Chum Darang,45,20.62
Allah Ke Banday,2010,123,Crime,6.1,303,Faruk Kabir,Varun Bhagwat,Virendra Giri,Vikram Gokhale,5,0.53
Amir Salman Shahrukh,2016,109,Comedy,5.5,12,Dewashish Ghosh,Sagar Pandey,Raju Rahikwar,,185,169
Badrinath Ki Dulhania,2017,139,Romance,6.1,"10,865",Shashank Khaitan,Varun Dhawan,Alia Bhatt,Sahil Vaid,39,20.3
Baadshaho,2017,136,Thriller,4.9,"4,454",Milan Luthria,Ajay Devgn,Ileana D'Cruz,Emraan Hashmi,90,123.5
Baaghi,2016,133,Romance,5.2,"7,912",Sabir Khan,Tiger Shroff,Shraddha Kapoor,Sudheer Babu Posani,37,125.92
Baaghi 2,2018,137,Action,4.8,"9,625",Ahmed Khan,Tiger Shroff,Disha Patani,Manoj Bajpayee,59,254.33
Baaghi 3,2020,143,Action,2.1,"10,309",Ahmed Khan,Tiger Shroff,Riteish Deshmukh,Shraddha Kapoor,85,137.57
Baar Baar Dekho,2016,141,Comedy,5.3,"6,423",Nitya Mehra,Sidharth Malhotra,Katrina Kaif,Sayani Gupta,53,62.67
Baazigar,1993,175,Crime,7.7,"26,583",Abbas Alibhai Burmawalla,Shah Rukh Khan,Mastan Alibhai Burmawalla,Kajol,2,8
Babumoshai Bandookbaaz,2017,122,Action,6.9,"1,974",Kushan Nandy,Nawazuddin Siddiqui,Bidita Bag,Jatin Goswami,14,18.24
Badhaai Do,2021,147,Comedy,7.3,"3,025",Harshavardhan Kulkarni,Rajkummar Rao,Bhumi Pednekar,,35,55
Badhaai Ho,2018,124,Comedy,8,"29,518",Amit Ravindernath Sharma,Ayushmann Khurrana,Neena Gupta,Gajraj Rao,29,219.5
Badla,2019,118,Crime,7.8,"23,890",Sujoy Ghosh,Amitabh Bachchan,Taapsee Pannu,Amrita Singh,10,138.49
Badlapur,2015,134,Action,7.4,"22,324",Sriram Raghavan,Varun Dhawan,Nawazuddin Siddiqui,Yami Gautam,16,81.33
Badlapur Boys,2014,123,Drama,4.7,123,Shailesh Verma,Annu Kapoor,Anupam Maanav,Saranya Mohan,7,1
Badmaash Company,2010,142,Comedy,6,"6,466",Parmeet Sethi,Shahid Kapoor,Anushka Sharma,Meiyang Chang,25,48.45
Badmashiyaan,2015,128,Comedy,4.6,133,Amit Khanna,Sidhant Gupta,Suzanna Mukherjee,Gunjan Malhotra,1,1.03
Badrinath Ki Dulhania,2017,139,Romance,6.1,"10,865",Shashank Khaitan,Varun Dhawan,Alia Bhatt,Sahil Vaid,39,200.45
Bahut Hua Sammaan,2020,125,Comedy,7.3,"3,036",Ashish R. Shukla,Ram Kapoor,Sanjay Mishra,Raghav Juyal,17,58
Baiju Bawra,2021,,Drama,,,Sanjay Leela Bhansali,Ranbir Kapoor,Deepika Padukone,Alia Bhatt,80,2.3
Bajrangi Bhaijaan,2015,163,Action,8,"78,448",Kabir Khan,Salman Khan,Harshaali Malhotra,Nawazuddin Siddiqui,90,969.06
Bal Ganesh 2,2009,74,Animation,6.5,46,Pankaj Sharma,,,,2.25,0.26
Bala,2019,133,Comedy,7.3,"12,370",Amar Kaushik,Ayushmann Khurrana,Bhumi Pednekar,Yami Gautam,28,172
Chalte Chalte,2003,167,Romance,6.6,"14,779",Aziz Mirza,Shah Rukh Khan,Rani Mukerji,Jas Arora,11,43.28
Dil Hai Ki Manta Nahin,1991,154,Adventure,7.3,"4,087",Mahesh Bhatt,Aamir Khan,Pooja Bhatt,Anupam Kher,2.2,4.52
Dil Dhadakne Do,2015,170,Comedy,6.9,"15,722",Zoya Akhtar,Anil Kapoor,Shefali Shah,Priyanka Chopra Jonas,58,145
Dilwale Dulhania Le Jayenge,1995,181,Romance,8.1,"65,134",Aditya Chopra,Shah Rukh Khan,Kajol,Amrish Puri,40,122
Dilwale,2015,158,Action,5.1,"32,366",Rohit Shetty,Shah Rukh Khan,Kajol,Varun Dhawan,100,597
Ek Tha Tiger,2012,132,Action,5.5,"31,627",Kabir Khan,Salman Khan,Katrina Kaif,Girish Karnad,75,334.39
Fashion,2008,167,Drama,6.9,"11,918",Madhur Bhandarkar,Priyanka Chopra Jonas,Kangana Ranaut,Mugdha Godse,20,39.29
Fukrey,2013,139,Comedy,6.9,"10,762",Mrighdeep Lamba,Pulkit Samrat,Manjot Singh,Ali Fazal,19,49
Gabbar is Back,2015,128,Crime,7.1,"23,209",Radha Krishna Jagarlamudi,Akshay Kumar,Shruti Haasan,Kareena Kapoor,79,135
Gadar: Ek Prem Katha,2001,170,Action,7.2,"10,264",Anil Sharma,Sunny Deol,Ameesha Patel,Amrish Puri,19,133
Garam Masala,2005,146,Comedy,6.7,"14,431",Priyadarshan,Akshay Kumar,John Abraham,Paresh Rawal,17,54
Ghajini,2008,186,Action,7.3,"57,604",A.R. Murugadoss,Aamir Khan,Asin Thottumkal,Jiah Khan,65,232
Ghanchakkar,2013,137,Comedy,5.8,"4,797",Raj Kumar Gupta,Emraan Hashmi,Vidya Balan,Rajesh Sharma,29,39
Golmaal: Fun Unlimited,2006,150,Comedy,7.4,"15,556",Rohit Shetty,Ajay Devgn,Arshad Warsi,Sharman Joshi,15,46.72
Golmaal Returns,2008,135,Comedy,5.1,"7,236",Rohit Shetty,Ajay Devgn,Kareena Kapoor,Arshad Warsi,28,82.4
Golmaal Again,2017,140,Comedy,5,"8,423",Rohit Shetty,Ajay Devgn,Arshad Warsi,Tabu,72,315
Golmaal 3,2010,155,Comedy,5.5,"7,644",Rohit Shetty,Mithun Chakraborty,Ajay Devgn,Kareena Kapoor,35,169
Good Newwz,2019,134,Comedy,6.9,"15,644",Raj Mehta,Akshay Kumar,Kareena Kapoor,Diljit Dosanjh,117,318
I Hate Luv Storys,2010,129,Romance,5.6,"7,675",Punit Malhotra,Imran Khan,Sonam Kapoor,Sammir Dattani,30,82
3 Idiots,2009,170,Comedy,8.4,"3,57,889",Rajkumar Hirani,Aamir Khan,Madhavan,Mona Singh,55,400
Judwaa,1997,138,Comedy,6.1,"5,679",David Dhawan,Salman Khan,Karisma Kapoor,Rambha,6.2,24.2
Judwaa 2,2017,145,Comedy,3.6,"9,622",David Dhawan,Varun Dhawan,Jacqueline Fernandez,Taapsee Pannu,65,227
Junglee,2019,115,Action,5.6,"1,658",Chuck Russell,Vidyut Jammwal,Lars Kjeldsen,Asha Bhat,22,24
Kabhi Khushi Kabhie Gham...,2001,210,Drama,7.4,"46,172",Karan Johar,Shah Rukh Khan,Kajol,Amitabh Bachchan,30,136
Kal Ho Naa Ho,2003,186,Drama,7.9,"64,972",Nikkhil Advani,Saif Ali Khan,Shah Rukh Khan,Preity Zinta,22,86
Kalank,2019,166,Romance,3.6,"11,873",Abhishek Varman,Varun Dhawan,Alia Bhatt,Madhuri Dixit,150,146
Kedarnath,2018,116,Romance,6.9,"11,446",Abhishek Kapoor,Sushant Singh Rajput,Sara Ali Khan,Nitish Bharadwaj,35,96
Zero,2018,164,Drama,5.4,"24,784",Aanand L. Rai,Shah Rukh Khan,Anushka Sharma,Katrina Kaif,200,191
Zanjeer,2013,137,Action,3.2,"2,416",Apoorva Lakhia,Sanjay Dutt,Priyanka Chopra Jonas,Ram Charan,60,105
Taare Zameen Par,2007,164,Drama,.8.4,187316,Amole Gupta,Aamir Khan,Darsheel Safary,Tisca Chopra,12,89
Yes Boss,1997,163,Comedy,6.8,"12,714",Aziz Mirza,Shah Rukh Khan,Juhi Chawla,Aditya Pancholi,5,22.96
Yeh Raaste Hain Pyaar Ke,2001,149,Action,4.1,685,Deepak S. Shivdasani,Ajay Devgn,Madhuri Dixit,Preity Zinta,8.5,15.7
Yeh Lamhe Judaai Ke,2004,135,Drama,3.7,"1,636",Pavan Kaul,Birendra Nath Tiwari,Shah Rukh Khan,Raveena Tandon,1,2
Yeh Jawaani Hai Deewani,2013,160,Drama,7.1,"39,863",Ayan Mukherjee,Ranbir Kapoor,Deepika Padukone,Aditya Roy Kapoor,40,319.6
Yeh Hai Mumbai Meri Jaan,1999,148,Action,4.4,263,Mahesh Bhatt,Saif Ali Khan,Twinkle Khanna,Chunky Panday,3.5,5
Yeh Hai Jalwa,2002,165,Comedy,4.7,"2,443",David Dhawan,Salman Khan,Rishi Kapoor,Ameesha Patel,8,11
Yeh Dillagi,1994,155,Comedy,6,"4,348",Naresh Malhotra,Akshay Kumar,Kajol,Saif Ali Khan,1.6,10.8
Yaraana,1995,125,Action,4.7,344,David Dhawan,Rishi Kapoor,Madhuri Dixit,Raj Babbar,5,9
Yamla Pagla Deewana 2,2013,154,Comedy,3.4,"1,820",Sangeeth Sivan,Dharmendra,Sunny Deol,Bobby Deol,46,49
Yamla Pagla Deewana Phir Se,2018,145,Comedy,4.5,"1,100",Navaniat Singh,Dharmendra,Sunny Deol,Bobby Deol,36,15
Welcome to New York,2018,118,Comedy,1.6,774,Chakri Toleti,Richard Harris,Jasmine Kaur,Sonakshi Sinha,35,12.56
Welcome,2007,159,Comedy,6.9,"19,527",Anees Bazmee,Akshay Kumar,Katrina Kaif,Nana Patekar,32,122
Welcome Back,2015,152,Comedy,4.2,"5,656",Anees Bazmee,John Abraham,Anil Kapoor,Nana Patekar,68,168.76
Waqt: The Race Against Time,2005,153,Comedy,6.8,"9,478",Vipul Amrutlal Shah,Amitabh Bachchan,Akshay Kumar,Priyanka Chopra Jonas,16,42.48
Wanted,2009,147,Action,6.6,"22,173",Prabhu Deva,Salman Khan,Ayesha Takia,Vinod Khanna,53,88.44
Wake Up Sid,2009,138,Romance,7.6,"29,167",Ayan Mukherjee,Ranbir Kapoor,Konkona Sen Sharma,Supriya Pathak,13,47.1
Vivah,2006,160,Romance,6.6,"9,288",Sooraj R. Barjatya,Shahid Kapoor,Amrita Rao,Anupam Kher,8,50
Vicky Donor,2012,126,Comedy,7.8,"40,589",Shoojit Sircar,Ayushmann Khurrana,Yami Gautam,Annu Kapoor,15,66.32
Veer-Zaara,2004,192,Drama,7.8,"50,101",Yash Chopra,Shah Rukh Khan,Preity Zinta,Rani Mukerji,23,98
Veere Di Wedding,2018,135,Comedy,3.2,"12,000",Shashanka Ghosh,Kareena Kapoor,Sonam Kapoor,Neena Gupta,45,138.8
Veer,2010,169,Action,4.5,"7,598",Anil Sharma,Salman Khan,Jackie Shroff,Mithun Chakraborty,48,64.6
Tamasha,2015,139,Romance,7.3,"24,623",Imtiaz Ali,Ranbir Kapoor,Deepika Padukone,Sushma Seth,80,132
Vaah! Life Ho Toh Aisi!,2005,153,Comedy,4.5,"2,293",Mahesh Manjrekar,Shahid Kapoor,Amrita Rao,Sanjay Dutt,12,19
Uri: The Surgical Strike,2018,138,Action,8.2,"45,981",Aditya Dhar,Vicky Kaushal,Paresh Rawal,Mohit Raina,25,342.06
Ujda Chaman,2019,120,Comedy,6.9,"4,944",Abhishek Pathak,Danish Singh,Navinder Pal Singh,Sunny Singh Nijjar,15,13.2
Tumhari Sulu,2017,150,Comedy,7,"4,761",Suresh Triveni,Manav Kaul,Vidya Balan,Neha Dhupia,20,50.8
Tubelight,2017,136,Drama,3.8,"17,774",Kabir Khan,Salman Khan,Sohail Khan,Om Puri,110,211.14
Tiger Zinda Hai,2017,161,Action,5.9,"25,732",Ali Abbas Zafar,Salman Khan,Katrina Kaif,Anupriya Goenka,210,565.1
Thugs of Hindostan,2018,164,Action,4.1,"18,219",Vijay Krishna Acharya,Aamir Khan,Amitabh Bachchan,Katrina Kaif,300,335
The Ghazi Attack,2017,116,Action,7.6,"12,367",Sankalp Reddy,Atul Kulkarni,Kay Kay Menon,Rana Daggubati,21,33
The Dirty Picture,2011,144,"Biography, Comedy, Drama",6.6,"8,931",Milan Luthria,Emraan Hashmi,Vidya Balan,Tusshar Kapoor,25,117
Thappad,2020,142,Drama,6.8,"15,063",Anubhav Sinha,Taapsee Pannu,Pavail Gulati,Kumud Mishra,24,43.77
Thackeray,2019,120,"Biography, Drama",5.2,"3,005",Abhijit Panse,Nawazuddin Siddiqui,Amrita Rao,Radha Sagar,31,23.83
Tevar,2015,157,Action,4,"3,014",Amit Ravindernath Sharma,Arjun Kapoor,Sonakshi Sinha,Manoj Bajpayee,56,57
Tees Maar Khan,2010,135,Comedy,2.6,"11,981",Farah Khan,Akshay Kumar,Katrina Kaif,Akshaye Khanna,45,100
Tashan,2008,120,Action,3.9,"5,037",Vijay Krishna Acharya,Akshay Kumar,Saif Ali Khan,Kareena Kapoor,31,33
Tanhaji: The Unsung Warrior,2020,135,Biography,7.6,"22,344",Om Raut,Ajay Devgn,Saif Ali Khan,Sharad Kelkar,150,368
Thalaivi,2021,153,Drama,6.3,"30,399",Vijay A L,Arvind Swamy,Kangana Ranaut,Raj Arjun,60,83
Helmet,2021,104,Comedy,6.8,"3,141",Satram Ramani,Pranutan Bahl,Arunita Jha,Aparshakti Khurana,4,#VALUE!
Antim:The final Thruth,2021,150,Action,7.2,"54,019",Mahesh Manjrekar,Salman Khan,Aayush Sharma,Mahima Makwana,48,58
Atrangi Re,2021,150,Drama,6.7,"23,247",Anand L Rai,Dhanush,Sara Ali Khan,Akshay Kumar,40,100
Pushpa,2021,179,Action,8,"4,79,997",Sukumar,Allu Arjun,Rashmika Mandanna,Samantha Ruth Prabhu,250,365
Sooryavanshi,2021,145,Action,6.6,"1,60,446",Rohit Shetty,Akshay Kumar,Katrina Kaif,Jackie Shroff,160,294.17
83,2021,165,Sport,7.4,"27,958",Kabir Khan,Ranveer Singh,Deepika Padukone,Hardy Sandhu,280,193.73
Chandigarh Kare Ashique,2021,120,Drama,7,"21,665",Abhishek Kapoor,Ayushmann Khurrana,Vaani Kapoor,Abhishek Bajaj,69,38.57
Tadap,2021,126,Romance,5.7,"3,985",Milan Luthria,Suniel Shetty,Ahan Shetty,Tara Sutaria,23,34.96
Dhamaka,2021,104,Thriller,7.7,"39,288",Ram Madhvani,Kartik Aaryan,Amruta Subhash,Mrunal Thakur,30,35
Haal-e-Dil,2008,124,Drama,3.4,240,Anil Devgan,Nakuul Mehta,Amita Pathak,Adhyayan Suman,6,1.5
Haat - The Weekly Bazaar,2011,102,Drama,5.7,14,Seema Kapoor,Mukesh Tiwari,Divya Dutta,Archana Puran Singh,1.5,3.49
Haathi Mere Saathi,2021,126,Drama,,,Prabu Solomon,Rana Daggubati,Zoya Hussain,Pulkit Samrat,25,0.02
Haatim Tai,1990,125,Drama,5.8,314,Babubhai Mistry,Jeetendra,Sangeeta Bijlani,Sonu Walia,1.9,0.5495
Hadh Kar Di Aapne,2000,134,Comedy,5.3,"1,754",Manoj Agrawal,Govinda,Rani Mukerji,Johnny Lever,8,3.9
Haggada Kone: End of the Rope,2014,102,Drama,8.4,52,Dayal Padmanabhan,Naveen Krishna,Suchendra Prasad,Mohan,0.22,33
Haider,2014,160,Action,8.1,"51,354",Vishal Bhardwaj,Shahid Kapoor,Tabu,Shraddha Kapoor,35,2.3
Hair is Falling: A Serious Comedy Film,2011,120,Comedy,5.3,31,Vicky Bhardwaj,Rajesh Bhardwaj,Sanjana Tiwari,Priyanka,0.1,3.8
Half Dracula,2021,100,Mystery,,,Vickram,Amit Kumar Vashisth,Toofan Verma,,0.015,0.12
Half Songs,2021,79,Romance,9.7,7,Sriram Raja,Raj Banerjee,Emon Chatterjee,Purshottam Mulani,0.135,2
Laat Sahab,2010,143,Drama,,,Dinesh Chaudhary,Sangeeta Choudhary,Kavita Joshi,Uttar Kumar,1.6,0.01
Ladies First,2014,106,Romance,3.6,20,Ashok Mehta,Ruby Ahmed,Khushboo Khan,Gautmi,5,84
Lafda,c,106,Drama,,,Pratap Kumar,Vivek Sharma,Uttar Kumar,Monu Dhankad,46,5.82
Lagna Pahave Karun,2013,125,Romance,6.5,55,Ajay Naik,Umesh Kamat,Mukta Barve,Siddharth Chandekar,36,8.9
Lagori,2017,48,Drama,7.2,13,K Sukumar,Abhijeet K.,Kainat Ahmed,Akash,35,1.39
Laila Manju,2020,,,6.7,7,Prem Soni,Jimmy Sheirgill,Shashank Vyas,Abhimanyu Tomar,32,5.6
Lakme,2016,110,Romance,,,Sanjay Khandelwal,Prince Adhikari,Rayya Labib,S.A. Rashid,68,1.6
Lashtam Pashtam,2018,108,Drama,6,77,Manav Bhalla,Dolly Ahluwalia,Priyanshu Chatterjee,Tisca Chopra,16,0.95
Looop Lapeta,2021,,Action,,,Aakash Bhatia,Shreya Dhanwanthary,Taapsee Pannu,Tahir Raj Bhasin,53,23
Love Breakups Zindagi,2011,156,Comedy,5.8,"1,006",Sahil Sangha,Zayed Khan,Dia Mirza,Cyrus Sahukar,13,10.54
M.S. Dhoni: The Untold Story,2016,184,"Biography, Drama, Sport",7.9,"43,713",Neeraj Pandey,Sushant Singh Rajput,Kiara Advani,Anupam Kher,8,7.32
Maali,2020,85,Drama,,,Ashwini Malik,Prabhat Raghunandan,Swati Sen,Gaurav Sharma,15,9
Maassab (The Teacher),2018,116,Drama,8.6,155,Aditya Om,Shiva Suryavanshi,Sheetal Singh,Manveer Choudhary,23,56
Machaan,2021,124,Drama,8.6,93,Nitesh Tiwari,Pawan Waval,Richa Kalra,Prateek Goyal,45,79.6
Made in China,2019,128,Comedy,6.2,"3,845",Mikhil Musale,Boman Irani,Rajkummar Rao,Mouni Roy,48,26
Madmast Barkhaa,2015,102,Romance,3.6,27,Jaspal Singh,Ekaansh Bhaardwaaj,Mithilesh Chaturvedi,Farida Dadi,80,0.04
Mad'ouk - Toughened by Life,2021,79,Documentary,,,Bharat Talaviya,Arvind Bijwe,Hari Damalpatti,Raj Vadgama,12,12
Mahanadhi,2013,,Drama,,,Krishnappa Uppur,Sanjjanaa Galrani,Sadhu Kokila,Rangayana Raghu,25,45
Mahayoddha Rama,2016,106,Animation,7.7,35,Rohit Vaid,Kunal Kapoor,Jimmy Sheirgill,Gulshan Grover,15,96
Main Hoon Rajinikanth,2015,127,Comedy,7.3,35,Faisal Saif,Shakti Kapoor,Smita Gondkar,Sameer Khan,20,39
N.H 10,2015,115,Action,7.2,"12,421",Navdeep Singh,Darshan Kumaar,Neil Bhoopalam,Anushka Sharma,110,46.72
Naam Shabana,2017,147,Action,6.3,"5,924",Shivam Nair,Manoj Bajpayee,Akshay Kumar,Taapsee Pannu,75,82.4
Nagin,1976,180,Fantasy,6.3,442,Rajkumar Kohli,Sunil Dutt,Feroz Khan,Vinod Mehra,20,315
Nail Polish,2021,128,Drama,7.4,"3,737",Bugs Bhargava Krishna,Arjun Rampal,Manav Kaul,Anand Tiwari,19,169
Nanak Shah Fakir,2014,146,Drama,8.2,344,A.K. Bir,Arif Zakaria,Puneet Sikka,Adil Hussain,79,6
Nartaki,1940,150,Drama,6.5,11,Debaki Bose,Leela Desai,Bhanu Bannerjee,Najmul Hussain,19,1.5
Nazarband,2020,85,Drama,,35,Suman Mukhopadhyay,Tanmay Dhanania,Indira Tiwari,,17,3.49
Neighbours,2014,125,Horror,3.2,42,Shyam Ramsay,Sunny Singh,Hritu,Gavie Chahal,65,0.02
Newton,2017,106,Comedy,7.7,"17,734",Amit Masurkar,Rajkummar Rao,Pankaj Tripathi,Anjali Patil,29,0.5495
NH-8: Road to Nidhivan,2015,95,Horror,2.7,"17,734",Munindra,Auroshika Dey,Arjun Fauzdar,Swaroopa Ghosh,15,3.9
Prithviraj,2021,90,Action,3.2,"17,734", Chandraprakash Dwivedi, Akshay Kumar,Sonu Sood,Manushi Chhillar,28,33
Jhund,2021,175,Drama,8.6,134,Nagraj Manjule,Amitabh Bachchan,Ankush Gedam,Rinku Rajguru,22,2.3
Bhool Bhulaiyaa 2,2021,159,Comedy,7.4,174,Anees Bazmee,Kartik Aaryan,Tabu,Kiara Advani,21,169
Bell Bottom,2021,123,Action,8,"1,733",Ranjit Tiwari,Akshay Kumar,Vaani Kapoor,Lara Dutta,25,20.3
Sitapur The City Of Gangsters,2021,127,Drama,5,"7,738",Mobeen Warsi,Jabbar Akram,Mirza Azhar,Ravi Sudha,24,123.5
Shershaah,2021,106,Action,9,"1,752",Vishnuvarshan,Sidharth Malhotra,Kiara Advani,Shiv Panditt,55,125.92
Sardar Ka Grandson,2021,156,Drama,4.3,"1,734",Kaashvi Nair,Arjun Kapoor,Neena Gupta,Rakul Preet Singh,30,254.33
Kabaad The Coin,2021,189,Drama,6.5,738,Varadraj Swami,Vivaan Shah,Zoya Afroz,Abhishek Bajaj,55,137.57
Dhaakad,2021,90,Thriller,5.5,184,Razneesh Ghai,Arjun Rampal,Kangana Ranaut,Divya Dutta,80,315
Bachchan Pandey,2021,126,Comedy,6.8,"2,834",Farhad Samji,Akshay Kumar,Kriti Sanon,Jacqueline Fernandez,180,100
A Wednesday,2008,104,Action,8.1,"77,908",Neeraj Pandey,Anupam Kher,Naseerunddin Shah,Virendra Saxena,3,16
Special 26,2013,144,Crime,8,"55,489",Neeraj Pandey,Akshay Kumar,Manoj Bajpayee,Anupam Kher,50,103
Oh My God,2012,125,Comedy,8.1,"57,450",Umesh Shukla,Paresh Rawal,Akshay Kumar,Mahesh Manjrekar,20,180
Karwaan,2018,114,Adventure,7.6,"15,436",Akarsh Khurana,Irrfaan Khan,Mithila Palkar,Amala Akkineni,23,26.4
October,2018,115,Drama,7.5,"15,428",Shoojit Sircar,Varun Dhawan,Banita Sandhu,Gitanjali Rao,33,58
Sui Dhaaga,2018,122,Comedy,6.7,"8,231",Sharat Katariya,Varun Dhawan,Anushka Sharma,Ashish Verma,40,125
102 Not Out,2018,102,Comedy,7.4,"7,112",Umesh Shukla,Amitabh Bachchan,Rishi Kapoor,Jimit Trivedi,35,115
Kai Po Che,2013,120,Sport,7.7,"36,557",Abhishek Kapoor,Sushant Singh Rajput,Rajkummar Rao,Amrita Puri,30,72.16
Bareilly ki Barfi,2017,116,Comedy,7.5,"23,011",Ashwiny Tiwari,Ayushmann Khurrana,Kriti Sanon,Rajkummar Rao,20,58.75
Article 15,2019,130,Crime,8.2,"32,427",Anubhav Sinha,Ayushmann Khurrana,Nassar,Manoj Pahwa,30,93
Chichhore,2019,143,Comedy,8.2,"49,827",Nitesh Tiwari,Sushant Singh Rajput,Shraddha Kapoor,Varun Sharma,50,215
Section 375,2019,124,Crime,8.1,"15,316",Ajay Bahl,Akshaye Khanna,Richa Bhatt,Meera Chopra,20,11
Gully Boy,2019,154,Drama,8,"38,133",Zoya Akhtar,Ranveer Singh,Alia Bhatt,Siddhant Chaturvedi,70,240
Raazi,2018,138,Action,7.7,"30,000",Meghna Gulzar,Vicky Kaushal,Alia bhatt,Rajit Kapoor,40,197
Kesari,2019,150,Action,7.4,"19,434",Anurag Singh,Akshay Kumar,Parineeti Chopra,Suvinder Vicky,80,207
Hindi Medium,2017,132,Comedy,7.8,"27,949",Saket Chaudhary,Irrfaan Khan,Saba Qamar,Dishita Sehgal,14,322
Andhadhun,2018,139,Comedy,8.2,"89,013",Sriram Raghavan,Ayushmann Khurrana,Tabu,Radhika Apte,32,456
PK,2014,153,Comedy,8.1,"1,79,383",Rajkumar Hirani,Aamir Khan,Anushka Sharma,Sanjay Dutt,84,854
Gangs of Wasseypur,2012,321,Action,8.2,"93,616",Anurag Kashyap,Nawazuddin Siddiqui,Richa Chadha,Manoj Bajpayee,9,27
Talvar,2015,132,Crime,8.1,"34,649",Meghna Gulzar,Irrfaan Khan,Neeraj Kabi,Sohum Shah,15,30
Queen,2013,146,Adventure,8.1,"64,022",Vikas Bahl,Rajkummar Rao,Kangana Ranaut,Lisa Haydon,12,95
The Body,2019,101,Mystery,5.4,"3,371",Jeethu Joseph,Emraan Hashmi,Rishi Kapoor,Vedhika,19,4
Sonu Ke Titu Ki Sweety,2018,138,Comedy,7.1,"21,909",Luv Ranjan,Kartik Aaryan,Nushrratt Bharuccha,Sunny Singh Nijjar,20,152
Dum Laga Ke Haisha,2015,109,Comedy,7.5,"19,618",Sharat Katariya,Ayushmann Khurrana,Bhumi Pednekar,Seema Bhargava,14,113
Zindagi Na Milegi Dobara,2011,155,Comedy,8.1,"75,804",Zoya Akhtar,Hrithik Roshan,Farhan Akhtar,Katrina Kaif,60,153
Dear Zindagi,2016,151,Drama,7.4,"39,648",Gauri Shinde,Shah Rukh Khan,Alia bhatt,Kunal Kapoor,46,138
Pataakha,2018,134,Action,7.2,"4,175",Vishal Bhardwaj,Sunil Grover,Radhika Madan,Sanya Malhotra,19,10
Karthik Calling Karthik,2010,135,Drama,7.1,"11,978",Vijay Lalwani,Farhan Akhtar,Deepika Padukone,Ram Kapoor,20,18
Bhaag Milkha Bhaag,2013,186,Biography,8.2,"66,751",Rakeysh Omprakash Mehra,Farhan Akhtar,Japtej Singh,Divya Dutta,53,163
Delhi Belly,2011,103,Crime,7.5,"29,412",Abhinay Deo,Imran Khan,Vir Das,Kunaal Roy Kapoor,23,73
Super 30,2019,154,Biography,7.9,"29,309",Vikas Bahl,Hrithik Roshan,Mrunal Thakur,Virendra Saxena,60,208
Pyaar Ka Punchnama,2011,149,Comedy,7.6,"21,350",Luv Ranjan,Kartik Aaryan,Raayo S. Bakhirta,Nushrratt Bharuccha,10,17
Parmanu: The Story of Pokhran,2018,129,History,7.6,"23,772",Abhishek Sharma,John Abraham,Boman Irani,Diana Penty,44,91
Pink,2016,136,Crime,8.1,"44,145",Aniruddha Roy Chawdhary,Amitabh Bachchan,Taapsee Pannu,Kirti Kulhari,30,157
Madras Cafe,2013,130,Action,7.6,"24,407",Shoojit Sircar,Nargis Fakhri,John Abraham,Raashi Khanna,35,67
Kaabil,2017,139,Action,7.1,"26,517",Sanjay Gupta,Hrithik Roshan,Yami Gautam,Abhinay Raj Singh,35,178
Ludo,2020,149,Action,7.6,"38,118",Anurag Basu,Pankaj Tripathi,Abhishek Bachchan,Rajkummar Rao,21,43
Lootcase,2020,132,Comedy,7.6,"17,213",Rajesh Krishnan,Kunal Khemu,Rasika Dugal,Vijay Raaz,20,10
Sardar Udham,2021,164,Biography,8.5,"39,078",Shoojit Sircar,Vicky Kaushal,Shaun Scott,Amol Parashar,30,25
Dil Bechara,2020,101,Romance,8,"1,28,504",Mukesh Chhabra,Sushant Singh Rajput,Sanjana Sanghi,Sahil Vaid,38,50
Dulha Mil Gaya,2010,152,Romance,4.5,"13,557",Muddassar Aziz,Shah Rukh Khan,Sushmita Sen,Fardeen Khan,25,12
Pyaar Impossible!,2010,141,Romance,5,"23,189",Jugal Hansraj,Anupam Kher,Uday Chopra,Priyanka Chopra Jonas,14,9
Chance pe dance,2010,158,Romance,5,"98,257",Ken Ghosh,Shahid Kapoor,Genellia D'Souza,Vikas Bhalla,29,16
Hello! Hum Lallan Bol Rahe Hain,2010,130,Comedy,6,"56,297",Dileep Shukla,Rajpal Yadav,Preeti Mehra,,2,7
Ishqiya,2010,115,Comedy,7,"11,658",Abhishek Chaubey,Naseeruddin Shah,Vidya Balan,Rajesh Sharma,19,31
Rann,2010,137,History,8,"65,973",Ram Gopal Varma,Riteish Deshmukh,Amitabh Bachchan,Paresh Rawal,30,13
My Name is Khan,2010,165,Thriller,8,"79,214",Karan Johar,Shah Rukh Khan,Kajol,Vinay Pathak,50,223
Atithi Tum Kab Jaoge? ,2010,115,Comedy,7,"59,201",Ashwni Dhir,Ajay Devgn,Paresh Rawal,Konkona Sen Sharma,15,29
Hello Zindagi,2010,95,Drama,6,"12,059",Raja Unnithan,Milind Gunaji,Mrunmayee Lagoo,Neena Gupta,0.8,0.08
Housefull,2010,155,Comedy,6,"89,054",Sajid Khan,Akshay Kumar,Deepika Padukone,Arjun Rampal,30,124
Paa,2009,133,Comedy,7.2,"11,492",R. Balki,Amitabh Bachchan,Abhishek Bachchan,Vidya Balan,13,102
Paan Singh Tomar,2012,135,Action,8.2,"34,161",Tigmanshu Dhulia,Irrfan Khan,Mahie Gill,Rajesh Abhay,7,20
Paathshaala,2010,122,Drama,4.9,"1,660",Milind Ukey,Nana Patekar,Adil Feroz Khan,Shahid Kapoor,14,17
Pad Man,2018,140,Comedy,7.9,"22,611",R. Balki,Akshay Kumar,Radhika Apte,Sonam Kapoor,35,78.22
Padmaavat,2018,164,History,7,"28,573",Sanjay Leela Bhansali,Ranveer Singh,Deepika Padukone,Shahid Kapoor,215,585
Pagalpanti,2019,149,Action,3.2,"2,118",Anees Bazmee,Anil Kapoor,John Abraham,Ileana D'Cruz,72,49.17
Param Vir Chakra,1995,170,War,6.7,52,Ashok Kaul,Saeed Jaffrey,Kulbhushan Kharbanda,Hema Malini,20,7.5
Pari,2018,136,Horror,6.6,"5,900",Prosit Roy,Rajat Kapoor,Parambrata Chattopadhyay,Anushka Sharma,30,41.4
Stree,2018,128,Horror,7.6,"29,900",Amar Kaushik,Rajkummar Rao,Shraddha Kapoor,Pankaj Tripathi,20,180.76
Patiala House,2011,140,Sport,5.6,"8,780",Nikkhil Advani,Rishi Kapoor,Dimple Kapadia,Akshay Kumar,26,35.3
Phantom,2015,136,Action,5.9,"8,714",Kabir Khan,Saif Ali Khan,Katrina Kaif,Sabyasachi Chakrabarty,72,84
Sonchiriya,2019,143,Action,8.1,"9,572",Abhishek Chaubey,Sushant Singh Rajput,Bhumi Pednekar,Ashutosh Rana,22,10.42
PM Narendra Modi,2019,136,"Biography, Drama",3.1,"5,954",Omung Kumar,Vivek Oberoi,Manoj Joshi,Darshan Kumaar,8,28.51
Poster Boys,2017,128,Comedy,5.4,"1,446",Shreyas Talpade,Sunny Deol,Bobby Deol,Shreyas Talpade,12,15
Psycho Raman,2016,133,Crime,7.4,"13,418",Anurag Kashyap,Nawazuddin Siddiqui,Vicky Kaushal,Sobhita Dhulipala,3.5,7
Son of Sardaar,2012,141,Action,4,"9,060",Ashwani Dhir,Ajay Devgn,Anil Devgan,Sanjay Dutt,30,161.48
Pyaar Ka Punchnama 2,2015,137,Comedy,7.2,"14,259",Luv Ranjan,Kartik Aaryan,Omkar Kapoor,Sunny Singh Nijjar,22,88
R... Rajkumar,2013,146,Action,5.2,"5,552",Prabhu Deva,Sonu Sood,Sonakshi Sinha,Shahid Kapoor,58,99.57
Raabta,2017,147,Action,5.1,"6,311",Dinesh Vijan,Sushant Singh Rajput,Deepika Padukone,Rajkummar Rao,47,39.5
Ra.One,2011,156,Action,4.7,"39,039",Anubhav Sinha,Shah Rukh Khan,Arjun Rampal,Kareena Kapoor,150,207
Raanjhanaa,2013,140,Drama,7.6,"30,344",Aanand L. Rai,Dhanush,Sonam Kapoor,Mohd. Zeeshan Ayyub,36,94
Rab Ne Bana Di Jodi,2008,167,Comedy,7.2,"44,985",Aditya Chopra,Shah Rukh Khan,Anushka Sharma,Vinay Pathak,22.67,187
Race,2008,149,Action,6.7,"13,516",Abbas Alibhai Burmawalla,Saif Ali Khan,Mastan Alibhai Burmawalla,Akshaye Khanna,46,103.45
Race 2,2013,150,Action,5.4,"15,574",Abbas Alibhai Burmawalla,Anil Kapoor,Saif Ali Khan,Mastan Alibhai Burmawalla,94,180
Race 3,2018,160,Action,1.9,"42,457",Remo D'Souza,Salman Khan,Anil Kapoor,Bobby Deol,180,165
Radhe,2021,135,Action,1.8,"1,62,455",Prabhu Deva,Salman Khan,Disha Patani,Randeep Hooda,90,18.33
Raid,2018,122,Action,7.4,"15,835",Raj Kumar Gupta,Ajay Devgn,Ileana D'Cruz,Amit Bimrot,72,153.62
Raja Natwarlal,2014,141,Crime,6.1,"4,038",Kunal Deshmukh,Emraan Hashmi,Humaima Malik,Paresh Rawal,47,39
Singham Returns,2014,142,Action,5.7,"7,675",Rohit Shetty,Ajay Devgn,Kareena Kapoor,Amole Gupte,60,217
Rang De Basanti,2006,167,Comedy,8.1,"1,14,446",Rakeysh Omprakash Mehra,Aamir Khan,Soha Ali Khan,Siddharth,28,97
Singham,2011,143,Action,6.8,"14,788",Rohit Shetty,Ajay Devgn,Kajal Aggarwal,Prakash Raj,38,141
Saand Ki Aankh,2019,146,Biography,7.7,"4,210",Tushar Hiranandani,Prakash Jha,Bhumi Pednekar,Taapsee Pannu,25,30.7
Saawariya,2007,142,Drama,5.2,"7,445",Sanjay Leela Bhansali,Ranbir Kapoor,Sonam Kapoor,Salman Khan,31,39
Sachin - A Billion Dreams,2017,138,Documentary,8.6,"7,711",James Erskine,Sachin Tendulkar,Mikhail Gandhi,Anjali Tendulkar,20,75
Sanju,2018,155,Biography,7.7,"49,199",Rajkumar Hirani,Ranbir Kapoor,Paresh Rawal,Manisha Koirala,96,586.85
Satyagraha,2013,152,Drama,5.9,"4,964",Prakash Jha,Amitabh Bachchan,Kareena Kapoor,Ajay Devgn,73,97.18
Satyameva Jayate,2018,140,Action,5.7,"6,302",Milap Zaveri,John Abraham,Manoj Bajpayee,Aisha Sharma,40,108.41
Satyameva Jayate 2,2021,122,Action,5.2,"15,433",Milap Zaveri,John Abraham,Gautami Kapoor,Divya Khosla Kumar,95,17.29
Secret Superstar,2017,150,Drama,7.8,"21,923",Advait Chandan,Raj Arjun,Meher Vij,Zaira Wasim,15,965
Shaadi Ke Side Effects,2014,145,Comedy,5.6,"3,882",Saket Chaudhary,Farhan Akhtar,Vidya Balan,Vir Das,43,69.6
Shaadi Mein Zaroor Aana,2017,137,Drama,7.6,"13,387",Ratnaa Sinha,Rajkummar Rao,Kriti Kharbanda,K.K. Raina,13,19.4
Shakuntala Devi,2020,127,Biography,6.1,"8,456",Anu Menon,Adi Chugh,Vidya Balan,Sanya Malhotra,25,40
Sholay,1975,162,Comedy,8.2,"52,511",Ramesh Sippy,Amitabh Bachchan,Dharmendra,Sanjeev Kumar,3,50
Shootout at Lokhandwala,2007,122,Action,7.1,"9,607",Apoorva Lakhia,Sunil Shetty,Sanjay Dutt,Amitabh Bachchan,18,46.04
Shootout at Wadala,2013,155,Action,5.9,"6,439",Sanjay Gupta,Anil Kapoor,John Abraham,Manoj Bajpayee,50,82
Shor in the City,2010,112,Crime,7.2,"3,502",Krishna D.K.,Tusshar Kapoor,Sendhil Ramamurthy,Raj Nidimoru,8,6
Shubh Mangal Savdhan,2017,119,Comedy,6.9,"9,094",R.S. Prasanna,Ayushmann Khurrana,Bhumi Pednekar,Seema Bhargava,25,64.54
Singh Is Bliing,2015,141,Action,5,"7,891",Prabhu Deva,Akshay Kumar,Amy Jackson,Lara Dutta,91,126
Simmba,2018,158,Action,5.6,"15,244",Rohit Shetty,Ranveer Singh,Sam Nagar,Sara Ali Khan,80,400
Singh Is King,2008,135,Action,5.7,"14,526",Anees Bazmee,Akshay Kumar,Katrina Kaif,Om Puri,30,136
Trapped,2016,105,Drama,7.6,8963,Vikramaditya Motwane,Rajkummar Rao,Geetanjali Thapa,Shiladitya Sen,5,3
Befikre,2016,130,Romance,4,689,Aditya Chopra,Ranveer Singh,Vaani Kapoor,Julie Ordon,70,150
Fitoor,2016,131,Romance,5.4,45,Abhishek Kapoor,Aditya Roy Kapoor,Katrina Kaif,Tabu,35,20
Wazir,2016,103,Thriller,7.1,7892,Bejoy Nambiar,Farhan Akhtar,Amitabh Bachchan,Aditi Rao Hydari,35,79
Tum Bin 2,2016,147,Romance,4.8,596,Anubhav Sinha,aditya Seal,Aashim Gulati,neha sharma,12,17
Junooniyat,2016,155,Romance,4.1,7852,Vivek Agnihotri,Pulkit Samrat,Yami Gautam,gulshan devaiah,4,9
one night stand,2016,99,Romance,3.1,854,Jasmine D'souza,Tanuj virwani,Sunny leone,Nyra Banerjee,3,5
sairat,2016,174,Romance,8.3,7813,Nagraj Manjule,Rinku Rajguru,Akash thosar,Tanaji Galgunde,4,110
kapoor & sons,2016,120,Romance,7.7,1456,Shakun Batra,Rishi Kapoor,Fawad Khan,Alia Bhatt,28,148
sanam teri kasam,2016,154,Romance,7.5,9856,Radhika Rao,Harshvardhan rane,Mawra hocane,Vijay Raaz,15,9
Akira,2016,137,Action,5.9,453,A.R. Murugadoss,Anurag Kashyap,Sonakshi Sinha,Urmila Mahanta,4,151
Fan,2016,138,Thriller,6.9,2846,Maneesh Sharma,Shah Rukh Khan,Waluscha Sousa,Shriya Pilgaonkar,120,188
Mohenjo Daro,2016,155,Action,5.6,124,Ashutosh Gowariker,Hrithik Roshan,Pooja Hedge,Kabir brdi,115,108
Force 2,2016,127,Action,6.2,8763,Abhinay Deo,Jonh Abhraim,Sonakshi Sinha,Genelia Dâ€™souza,41,59
A death in the gunj,2016,110,Drama,7.4,694,Konkona sen sharma,Vikrant Massey,Tilotama shome,Ranvir shorey,10,14
khoobsurat,2014,130,Romance,6.4,246,Shashanka ghosh,Fawad Khan,Sonam Kapoor,Ratna Pathak shah,23,80
highway,2014,133,Romance,7.6,3498,Imtiaz Ali,Randeep Hooda,Alia bhatt,Durgesh Kumar,25,48
hate story 2,2014,130,Romance,4.4,76,Vishal pandya,jay bhanushali,Surveen chawla,sushant singh,15,32
bhaag johnny,2014,119,Action,5.1,786,Shivam Nair,Kunal khemu,zoa morani,mandana karimi,15,8
fugly,2014,134,Drama,4.7,65,kabir sadanand ,mohit marwah,kiara advani,jimmy shergill,10,42
2 states,2014,149,Romance,6.9,906,Abhishek verman,Arjun Kapoor,Alia Bhatt,amrita singh,32,175
yaariyan,2014,145,Romance,2.7,35,Divya khosla kumar,himansh kohli,serah singh,dev sharma,10,55
creature,2014,134,Horror,3.1,698,Vikram bhatt,deepraj rana,imran abbas,Bipasha basu,25,32
mardaani,2014,113,Action,7.3,9658,pradeep sarkar,avneet kaur,tahir raj bhasin,rani mukerji,16,57
sonali cable,2014,127,Drama,5.3,12,Charudutt acharya,ali fazal,raghav juyal,rhea chakraborty,13,56
mary kom,2014,122,Sport,6.8,74563,Omung Kumar,shakti kapoor,darshan kumar,Priyanka Chopra Jonas,18,87
bobby jasoos,2014,121,Thriller,5.5,5802,samar shaikh,ali fazal,Vidya Balan,arjan bajwa,26,21
action jackson,2014,154,Action,3.4,450,Prabhu Deva,Ajay Devgn,manasvi mamgai,yami gautam,93,89
jai ho,2014,135,Action,5,14630,sohail khan,Salman Khan,daisy shah,Tabu,65,195
bewakoofiyaan,2014,119,Romance,5.5,53,nupur asthana,Ayushmann Khurrana,Rishi Kapoor,Sonam Kapoor,22,23
finding fanny,2014,102,Romance,5.7,786,homi adajania,arjun kapoor,Deepika Padukone,pankaj kapur,28,50
dishkiyaoon,2014,119,Action,5.2,604,sanamjit singh talwar,Sunny Deol,harman baweja,shilpa shetty,4,7
murder 2,2011,127,Thriller,6.3,9650,mohit suri,Imran Khan,Jacqueline Fernandez,yana gupta,13,68
shaitan,2011,121,Thriller,7.2,340,Bejoy Nambiar,rajeev khandelwal,gulshan devaiah,kalki koechlin,11,40
rockstar,2011,159,Romance,7.7,10364,Imtiaz Ali,Ranbir Kapoor,Nargis Fakhri,shammi kapoor,60,108
ready,2011,145,Action,4.8,20463,Anees Bazmee,Salman Khan,Asin,Paresh Rawal,40,180
double dhamaal,2011,140,Comedy,3.9,4893,indra kumar,arshad warsi,Sanjay Dutt,jaaved jaffrey,29,72
bodyguard,2011,130,Action,4.6,4523,siddique,Salman Khan,Kareena Kapoor,hazel keech,60,234
phhir,2011,100,Mystery,5.2,630,girish dhamija,rajneesh duggal,asah sharma,parag tyagi,13,32
thank you,2011,125,Romance,4.7,3601,Anees Bazmee,Akshay Kumar,Sonam Kapoor,irrfan khan,58,120
lootera,2013,136,Romance,7.4,3102,Vikramaditya Motwane,Ranveer Singh,Sonakshi Sinha,vikrant massey,39,47
krrish 3,2013,152,Action,5.3,8079,rakesh roshan,Hrithik Roshan,Kangana Ranaut,vivek oberoi,115,394
ramleela,2013,155,Romance,6.4,70423,Sanjay Leela Bhansali,Ranveer Singh,Deepika Padukone,Supriya Pathak,48,221
the lunchbox,2013,104,Romance,7.8,8423,ritesh batra,Irrfaan Khan,nimrat kaur,Nawazuddin Siddiqui,22,101
besharam,2013,142,Romance,3.5,12,abhinav kashyap,Ranbir Kapoor,Rishi Kapoor,neetu singh,83,95
chennai express,2013,141,Romance,6,4873,Rohit Shetty,Shah Rukh Khan,Deepika Padukone,nikitin dheer,115,423
dhoom3,2013,172,Action,5.3,2053,Vijay Krishna Acharya,Aamir Khan,Abhishek Bachchan,Katrina Kaif,175,557
himmatwala,2013,150,Action,1.7,31,ronnie screwvala,Ajay Devgn,tamannah,Mahesh Manjrekar,68,65
gori tere pyaar mein,2013,150,Romance,4.9,3469,Punit Malhotra,Imran Khan,Kareena Kapoor,Shraddha Kapoor,30,10
bombay talkies,2013,127,Drama,6.6,8970,dibakar banerjee,Nawazuddin Siddiqui,Rani Mukerji,Randeep Hooda,30,150
